"size","kurtx","mean_AB_exp","mean_AB_Weibull","var_AB_exp","var_AB_Weibull","tm_AB_exp","tm_AB_Weibull","fm_AB_exp","fm_AB_Weibull","mean_SE_exp","mean_SE_Weibull","var_SE_exp","var_SE_Weibull","tm_SE_exp","tm_SE_Weibull","fm_SE_exp","fm_SE_Weibull"
5400,2.80000000000008,3,8,8,8,6,8,8,8,5,5,6,3,3,6,7,6
5400,2.89999999999998,3,8,8,8,6,2,8,8,5,5,4,7,3,3,7,2
5400,2.99999999999998,3,6,8,8,6,4,8,8,5,5,1,3,7,8,7,2
5400,3.09999999999999,3,2,8,6,6,8,8,6,5,5,5,3,7,8,7,2
5400,3.19999999999996,3,2,8,6,6,8,8,6,5,5,4,5,7,8,7,2
5400,3.30000000000001,3,2,8,6,4,8,8,6,5,5,5,5,7,2,7,2
5400,3.39999999999997,3,2,8,6,4,6,8,4,5,5,1,1,7,6,7,2
5400,3.50000000000003,3,2,8,6,6,6,8,6,5,5,3,3,7,6,7,2
5400,3.59999999999997,3,2,8,6,6,8,8,6,5,5,3,3,7,5,7,2
5400,3.69999999999999,3,3,8,6,6,6,8,6,5,5,3,3,7,5,7,2
5400,3.8,1,3,8,6,6,6,8,8,5,5,5,2,7,7,7,2
5400,3.89999999999996,7,3,8,8,6,6,8,8,5,5,5,3,7,5,7,6
5400,4.00000000000001,7,3,8,4,6,6,8,4,5,5,3,6,7,3,7,6
5400,4.10000000000002,7,3,8,6,6,6,8,4,5,5,3,3,7,3,7,6
5400,4.20000000000003,1,3,6,6,6,8,8,6,5,5,5,3,7,5,7,6
5400,4.3,3,3,6,6,6,8,8,6,5,5,5,7,7,7,7,6
5400,4.39999999999999,3,3,6,8,6,8,8,6,5,5,5,7,7,7,7,7
5400,4.49999999999999,3,3,6,6,6,8,8,6,5,5,7,7,7,8,7,7
5400,4.6,3,3,6,6,6,8,8,8,5,5,7,7,7,8,7,8
5400,4.69999999999996,3,3,8,6,6,8,8,8,5,5,5,5,7,7,7,8
5400,4.79999999999998,3,3,8,6,6,8,8,8,5,5,5,5,7,7,7,5
5400,4.9,3,3,8,2,6,8,8,8,5,5,5,5,7,5,7,5
5400,5,3,3,8,6,6,8,8,8,5,5,5,5,7,7,7,5
5400,5.1,3,3,8,6,6,8,8,8,5,5,3,5,7,7,7,7
5400,5.2,4,1,8,6,6,8,8,6,5,5,3,7,7,7,7,7
5400,5.3,2,7,8,8,6,8,8,6,5,5,3,7,7,6,7,7
5400,5.39999999999996,2,7,8,8,6,8,8,6,5,5,3,7,7,6,7,8
5400,5.50000000000004,2,7,8,8,6,8,8,6,5,5,3,3,7,6,7,8
5400,5.60000000000003,2,7,8,8,6,8,8,6,5,5,3,3,7,2,7,3
5400,5.69999999999998,2,5,8,8,6,8,8,6,5,5,3,3,7,3,7,3
5400,5.80000000000001,2,3,8,8,6,8,8,8,5,5,3,3,7,3,7,3
5400,5.89999999999996,4,3,8,8,6,8,8,8,5,5,3,3,7,3,7,3
5400,6.00000000000001,2,3,8,8,6,8,8,8,5,5,3,3,7,3,7,3
5400,6.09999999999999,2,3,8,8,6,8,8,8,5,5,3,3,7,3,7,3
5400,6.19999999999997,2,3,8,8,6,8,8,8,5,5,3,3,7,3,7,5
5400,6.3,2,3,8,8,6,8,8,8,5,5,3,3,7,5,7,5
5400,6.39999999999998,2,3,6,6,6,8,8,8,5,5,3,3,7,5,7,5
5400,6.49999999999994,2,3,6,6,6,8,8,8,5,5,3,3,7,5,7,5
5400,6.59999999999997,2,3,6,6,6,8,8,8,5,5,3,5,7,5,7,5
5400,6.69999999999997,2,3,6,6,6,8,8,8,5,5,3,3,7,5,7,5
5400,6.79999999999998,2,3,6,6,6,8,8,8,5,5,5,5,7,5,7,5
5400,6.89999999999997,4,3,6,6,6,8,8,8,5,5,5,5,7,5,7,5
5400,7.00000000000001,2,3,6,6,6,8,8,8,5,5,5,7,7,3,7,3
5400,7.09999999999996,4,3,6,6,6,8,8,8,5,5,5,7,7,3,7,3
5400,7.20000000000001,2,3,6,6,6,8,8,8,5,5,5,1,7,3,7,5
5400,7.29999999999994,2,3,6,6,6,8,8,8,5,5,5,5,7,3,7,3
5400,7.39999999999996,2,3,6,6,6,8,8,8,5,5,5,3,7,3,7,3
5400,7.49999999999997,2,3,6,6,6,8,8,8,5,5,5,3,7,3,7,3
5400,7.60000000000003,2,2,6,6,6,8,8,8,5,5,5,7,7,7,7,3
5400,7.70000000000007,2,4,6,6,6,8,8,8,5,5,5,5,7,1,7,5
5400,7.80000000000003,2,2,6,6,6,8,8,8,5,5,5,7,7,7,7,5
5400,7.90000000000004,2,4,6,8,6,8,8,8,5,5,5,7,7,7,7,7
5400,8.00000000000007,2,3,6,2,6,8,8,8,5,5,5,5,7,7,7,5
5400,8.10000000000006,4,3,6,2,6,8,8,6,5,5,5,3,7,7,7,7
5400,8.20000000000006,4,3,6,4,6,8,8,4,5,5,5,5,7,7,7,7
5400,8.29999999999994,4,3,6,4,6,8,8,4,5,5,5,5,7,7,7,7
5400,8.39999999999999,4,3,6,4,6,8,8,4,5,5,5,3,7,7,7,7
5400,8.50000000000001,8,3,6,4,6,8,8,4,5,5,5,5,7,7,7,7
5400,8.60000000000003,6,3,6,4,6,8,8,4,5,5,5,5,7,7,7,7
5400,8.69999999999991,6,3,6,4,6,4,8,4,5,5,5,5,7,7,7,7
5400,8.80000000000001,3,3,6,4,6,4,8,6,5,5,5,7,7,7,7,7
5400,8.89999999999999,3,3,3,4,3,4,8,2,5,5,5,5,7,7,7,7
5400,9,7,5,3,5,7,5,7,8,5,5,5,5,7,7,7,7
5400,9.10000000000001,3,1,2,4,2,1,2,1,5,5,5,5,7,7,7,7
5400,9.19999999999997,3,3,2,4,2,8,2,1,5,5,5,5,7,7,7,7
5400,9.30000000000001,3,3,6,2,6,8,2,3,5,5,5,5,7,7,7,7
5400,9.39999999999998,3,3,8,2,4,8,2,3,5,5,5,5,7,7,7,7
5400,9.49999999999999,3,3,8,8,4,8,8,3,5,5,5,5,7,7,7,7
5400,9.59999999999997,3,3,8,8,4,2,8,3,5,5,5,7,7,7,7,8
5400,9.70000000000001,2,3,8,6,4,2,8,3,5,5,5,7,7,7,7,8
5400,9.8,2,3,8,6,4,4,8,3,5,5,5,7,7,7,7,8
5400,9.90000000000002,2,3,8,6,4,6,8,3,5,5,5,5,7,7,7,8
5400,9.99999999999999,2,3,6,6,4,4,8,3,5,5,5,5,7,7,7,8
5400,10.1,2,3,8,6,4,4,8,3,5,5,5,5,7,5,7,8
5400,10.2,2,3,8,6,4,4,8,3,5,5,5,5,7,1,7,8
5400,10.3,2,3,8,6,4,4,8,3,5,5,5,5,7,5,7,8
5400,10.4,2,2,8,8,4,4,8,3,5,5,5,5,7,5,7,8
5400,10.5,2,2,8,8,4,4,8,3,5,5,5,5,7,5,7,8
5400,10.6,2,2,8,8,4,4,8,3,5,5,5,5,7,5,7,8
5400,10.7,2,2,8,8,4,4,8,3,5,5,5,5,7,5,7,8
5400,10.8,2,2,8,8,4,4,8,3,5,5,5,5,7,5,7,8
5400,10.9,2,2,8,8,4,4,8,3,5,5,5,3,7,5,7,8
5400,11,2,2,8,8,4,4,8,3,5,5,5,3,7,2,7,8
5400,11.1,2,2,8,8,4,4,8,3,5,5,5,3,7,2,7,8
5400,11.1999999999999,2,2,8,8,4,4,8,3,5,5,5,3,7,2,7,8
5400,11.3,2,2,8,8,4,4,8,3,5,5,5,5,7,2,7,8
5400,11.4,2,2,8,8,4,4,8,3,5,5,5,5,7,2,7,8
5400,11.5,2,2,8,8,4,4,8,3,5,5,5,3,7,2,7,8
5400,11.6,2,2,8,8,4,4,8,3,5,5,5,5,7,2,7,8
5400,11.7,2,2,8,8,4,4,8,3,5,5,5,5,7,2,7,8
5400,11.8,2,2,8,8,4,4,8,3,5,5,5,5,7,2,7,8
5400,11.9,2,2,8,8,4,4,8,3,5,5,5,3,7,2,7,8
5400,12,2,2,8,8,4,4,8,3,5,5,5,3,7,2,7,8
5400,12.1,2,2,8,8,4,6,8,3,5,5,5,3,7,2,7,8
5400,12.2,2,2,8,8,4,6,8,3,5,5,5,3,7,2,7,8
5400,12.3,2,2,8,8,4,6,8,3,5,5,5,3,7,2,7,8
5400,12.4,2,2,8,8,4,6,8,3,5,5,5,3,7,2,7,8
5400,12.5,2,2,8,8,4,6,8,3,5,5,5,5,7,2,7,8
5400,12.6,2,2,8,8,4,6,8,3,5,5,5,3,7,2,7,8
5400,12.7,2,2,8,8,4,6,8,3,5,5,5,3,7,2,7,8
5400,12.8,2,2,8,8,4,6,8,3,5,5,5,3,7,2,7,8
5400,12.9,2,2,8,8,4,6,8,3,5,5,5,3,7,2,7,8
5400,13,2,2,8,8,4,6,8,3,5,5,5,5,7,2,7,8
5400,13.1,2,2,8,8,4,6,8,3,5,5,5,3,7,2,7,8
5400,13.2,2,2,8,8,6,6,8,3,5,5,5,3,7,2,7,8
5400,13.3,2,2,8,8,6,6,8,3,5,5,5,5,7,2,7,8
5400,13.4,2,2,8,8,6,6,8,3,5,5,5,5,7,2,7,8
5400,13.5,2,2,8,8,6,6,8,3,5,5,5,5,7,2,7,8
5400,13.6,2,2,8,8,6,6,8,3,5,5,5,5,7,2,7,8
5400,13.7,2,2,8,8,6,6,8,3,5,5,5,5,7,2,7,8
5400,13.8,2,2,8,8,6,6,8,3,5,5,5,5,7,2,7,8
5400,13.9,2,2,8,8,6,6,8,3,5,5,5,5,7,2,7,8
5400,14,2,2,8,8,6,3,8,3,5,5,5,3,7,2,7,8
5400,14.1,2,2,8,8,6,3,8,3,5,5,5,3,7,2,7,8
5400,14.2,2,2,8,8,6,3,8,3,5,5,5,3,7,2,7,8
5400,14.3,2,2,8,8,6,3,6,3,5,5,5,5,7,2,7,6
5400,14.4,2,2,8,8,6,3,6,3,5,5,5,3,7,2,7,6
5400,14.5,2,2,8,8,6,3,6,3,5,5,5,3,7,2,7,2
5400,14.6,2,2,8,8,6,3,6,3,5,5,5,3,7,2,7,2
5400,14.7,2,2,8,8,6,3,6,3,5,5,5,3,7,2,7,2
5400,14.8,2,2,8,8,6,3,2,3,5,5,5,5,7,2,7,2
5400,14.9,2,2,8,8,6,3,2,3,5,5,5,5,7,2,7,2
5400,15,2,2,8,8,6,3,2,3,5,5,5,5,7,2,7,2
5400,15.1,2,2,8,8,6,3,2,3,5,5,5,2,7,2,7,2
5400,15.2,2,2,8,8,6,3,2,3,5,5,5,2,7,2,7,2
5400,15.3,2,2,8,8,6,3,2,3,5,5,5,2,7,2,7,2
5400,15.3999999999999,2,2,8,8,6,3,2,3,5,5,5,2,7,2,7,2
5400,15.5,2,2,8,8,6,3,2,3,5,5,5,2,7,2,7,2
5400,15.6,2,2,8,8,6,3,2,3,5,5,5,2,7,2,7,2
5400,15.7,2,2,8,8,6,3,2,3,5,5,5,2,7,2,7,2
5400,15.8,2,2,8,8,6,3,2,3,5,5,5,2,7,2,7,2
5400,15.9,2,2,8,8,6,3,2,3,5,5,5,2,7,2,7,2
5400,16,2,2,8,8,4,3,2,3,5,5,5,2,7,2,7,2
5400,16.1,2,2,8,8,4,3,2,3,5,5,5,2,7,2,7,2
5400,16.2,2,2,8,8,4,3,2,3,5,5,5,2,7,2,7,2
5400,16.3,2,2,8,8,4,3,2,3,5,5,5,2,7,2,7,2
5400,16.4,2,2,8,8,4,3,2,3,5,5,5,2,7,2,7,2
5400,16.5,2,2,8,8,4,3,2,3,5,5,5,2,7,2,7,2
5400,16.6,2,2,8,8,4,3,2,3,5,5,5,2,7,2,7,2
5400,16.7,2,2,8,8,4,3,2,3,5,5,5,2,7,2,7,2
5400,16.8,2,2,8,8,4,3,2,3,5,5,5,2,7,2,7,2
5400,16.9,2,2,8,8,4,3,2,3,5,5,5,2,7,2,7,2
5400,17,2,2,8,8,4,3,2,3,5,5,5,2,7,2,7,2
5400,17.1,2,2,8,8,4,3,2,3,5,5,5,2,7,2,7,2
5400,17.2,2,2,8,8,4,3,2,3,5,5,5,2,7,2,7,2
5400,17.3,2,2,8,8,4,3,2,3,5,5,5,2,7,2,7,2
5400,17.4,2,2,8,8,4,3,2,3,5,5,5,2,7,2,7,2
5400,17.5,2,4,8,8,4,3,2,3,5,5,5,2,7,2,7,2
5400,17.6,2,4,8,8,4,3,2,3,5,5,5,2,7,2,7,2
5400,17.7,2,4,8,8,4,3,2,3,5,5,5,2,7,2,7,2
5400,17.8,2,4,8,8,4,3,2,3,5,5,5,2,7,2,7,2
5400,17.9,2,4,8,8,4,3,2,3,5,5,5,2,7,2,7,2
5400,18,2,4,8,8,4,3,2,3,5,5,5,2,7,2,7,2
5400,18.1,2,4,8,8,4,3,2,3,5,5,5,2,7,2,7,2
5400,18.2,2,4,8,8,4,3,2,3,5,5,5,2,7,2,7,2
5400,18.3,2,4,8,8,4,3,2,3,5,5,5,2,7,2,7,2
5400,18.4,2,4,8,8,4,3,2,3,5,5,5,2,7,2,7,2
5400,18.5,2,4,8,8,4,3,2,3,5,5,5,2,7,2,7,2
5400,18.6,2,4,8,8,4,3,2,3,5,5,5,2,7,2,7,2
5400,18.7,2,4,8,8,4,3,2,3,5,5,5,2,7,2,7,2
5400,18.8,2,4,8,8,4,3,2,3,5,5,5,2,7,2,7,2
5400,18.9,2,4,8,8,4,3,2,3,5,5,5,2,7,2,7,2
5400,19,2,4,8,8,4,3,2,3,5,5,5,2,7,2,7,2
5400,19.1,2,4,8,8,4,3,2,3,5,5,5,2,7,2,7,2
5400,19.2,2,4,8,8,4,3,2,3,5,5,5,2,7,2,7,2
5400,19.3,2,4,8,8,4,3,2,3,5,5,5,2,7,2,7,2
5400,19.4,2,4,8,8,4,3,2,3,5,5,5,2,7,2,7,2
5400,19.5,2,4,8,8,4,3,2,3,5,5,5,2,7,2,7,2
5400,19.6,2,4,8,8,4,3,2,3,5,5,5,2,7,2,7,2
5400,19.7,2,4,8,8,4,3,2,3,5,5,5,2,7,2,7,2
5400,19.8,2,4,8,8,4,3,2,3,5,5,5,2,7,2,7,2
5400,19.9,2,4,8,8,4,3,2,3,5,5,5,2,7,2,7,2
5400,20,2,4,8,8,4,3,2,3,5,5,5,2,7,2,7,2
5400,20.0999999999999,2,4,8,8,4,3,2,3,5,5,5,2,7,2,7,2
5400,20.2,2,4,8,8,4,3,2,3,5,5,5,2,7,2,7,2
5400,20.3,2,4,8,8,4,3,2,3,5,5,5,2,7,2,7,2
5400,20.4,4,4,8,8,4,3,2,3,5,5,5,2,7,2,7,2
5400,20.5,4,4,8,8,4,3,2,3,5,5,5,2,7,2,7,2
5400,20.6,4,4,8,8,4,3,2,3,5,5,5,2,7,2,7,2
5400,20.7,4,4,8,8,4,3,2,3,5,5,5,2,7,2,7,2
5400,20.7999999999999,4,4,8,8,4,3,2,3,5,5,5,2,7,2,7,2
5400,20.9,4,4,8,8,4,3,2,3,5,5,5,2,7,2,7,2
5400,21,4,4,8,3,4,3,2,3,5,5,5,2,7,2,7,2
5400,21.1,4,4,8,3,4,3,2,3,5,5,5,2,7,2,7,2
5400,21.2,4,4,8,3,4,3,2,3,5,5,5,2,7,2,7,2
5400,21.3,4,4,8,3,4,3,2,3,5,5,7,2,7,2,7,2
5400,21.3999999999999,4,4,8,3,4,3,2,3,5,5,7,2,7,2,7,2
5400,21.5,4,4,8,3,4,3,2,3,5,5,7,2,7,2,7,2
5400,21.6000000000001,4,4,8,3,4,3,2,3,5,5,7,2,7,2,7,2
5400,21.7,4,4,8,3,4,3,2,3,5,5,7,2,7,2,7,2
5400,21.8,4,4,8,3,4,3,2,3,5,5,5,2,7,2,7,2
5400,21.9,4,4,8,3,4,3,2,3,5,5,7,2,7,2,7,2
5400,22,4,4,8,3,4,3,2,3,5,5,7,4,7,2,7,2
5400,22.1000000000001,4,4,8,3,4,3,2,3,5,5,7,2,7,2,7,2
5400,22.1999999999999,4,4,8,3,4,3,2,3,5,5,7,2,7,2,7,2
5400,22.3,4,4,8,3,4,3,2,3,5,5,7,2,7,2,7,2
5400,22.4,4,4,8,3,4,3,2,3,5,5,7,2,7,2,7,2
5400,22.5,4,4,8,3,4,3,2,3,5,5,7,2,7,2,7,2
5400,22.6,4,4,8,3,4,3,2,3,5,5,7,2,7,2,7,2
5400,22.7,4,4,8,3,4,3,2,3,5,5,5,2,7,2,7,2
5400,22.8,4,4,8,3,4,3,2,3,5,5,5,2,7,8,7,2
5400,22.9,4,4,8,3,4,3,2,3,5,5,5,2,7,8,7,2
5400,23,4,4,8,3,4,3,2,3,5,5,5,2,7,8,7,2
5400,23.1,4,4,8,3,4,3,2,3,5,5,7,2,7,8,7,2
5400,23.1999999999999,4,4,8,3,4,3,2,3,5,5,7,4,7,8,7,2
5400,23.3,4,4,8,3,4,3,2,3,5,5,7,2,7,8,7,2
5400,23.4,4,4,8,3,4,3,2,3,5,5,7,2,7,8,7,2
5400,23.5000000000001,4,4,8,3,4,3,2,3,5,5,7,2,7,8,7,2
5400,23.6,4,4,8,3,4,3,2,3,5,5,7,2,7,8,7,2
5400,23.7,4,4,8,3,4,3,2,5,5,5,7,2,7,8,7,2
5400,23.7999999999999,4,4,8,3,4,3,2,5,5,5,7,2,7,8,7,2
5400,23.9,4,4,8,3,4,3,2,5,5,5,7,2,7,8,7,2
5400,24,4,4,8,3,4,3,2,5,5,5,7,2,7,8,7,2
5400,24.1,4,4,8,3,4,3,2,5,5,5,7,2,7,8,7,2
5400,24.2,4,4,8,3,4,3,2,5,5,5,7,7,7,8,7,2
5400,24.3,4,4,8,3,8,3,2,5,5,5,7,7,7,8,7,2
5400,24.4,4,4,8,3,8,3,2,5,5,5,7,7,7,8,7,2
5400,24.5,4,4,8,3,8,3,2,5,5,5,7,7,7,8,7,2
5400,24.6,4,4,8,3,4,3,2,5,5,5,7,7,7,8,7,2
5400,24.7,4,4,8,3,8,3,2,5,5,5,7,7,7,8,7,2
5400,24.8,4,4,8,3,8,3,2,5,5,5,7,7,7,8,7,2
5400,24.9000000000001,4,4,8,3,8,3,2,5,5,5,7,7,7,8,7,2
5400,25,4,4,8,3,8,3,2,5,5,5,7,7,7,8,7,2
5400,25.1,4,4,8,3,8,3,2,5,5,5,7,7,7,8,7,2
5400,25.1999999999999,4,4,8,3,8,3,2,5,5,5,7,7,7,8,7,2
5400,25.3,4,4,8,3,8,3,2,5,5,5,7,7,7,8,7,2
5400,25.4,4,4,8,3,8,3,2,5,5,5,7,7,7,8,7,2
5400,25.4999999999999,4,4,8,3,8,3,2,5,5,5,7,7,7,8,7,2
5400,25.6,4,4,8,3,8,3,2,5,5,5,7,7,7,8,7,2
5400,25.7,4,4,8,8,8,3,2,5,5,5,7,7,7,8,7,2
5400,25.8,4,4,8,8,8,3,2,5,5,5,7,7,7,8,7,2
5400,25.8999999999999,4,4,8,8,8,3,2,5,5,5,7,7,7,8,7,2
5400,26,4,4,8,8,8,3,2,5,5,5,7,7,7,8,7,2
1800000,2.80000000000008,3,8,8,8,6,5,8,8,4,4,6,1,3,3,7,8
1800000,2.89999999999998,3,8,8,8,6,8,8,8,3,3,4,4,7,8,7,2
1800000,2.99999999999998,3,8,8,8,6,4,8,8,3,3,4,3,7,8,7,2
1800000,3.09999999999999,3,6,8,8,6,2,8,8,3,3,2,2,7,8,7,2
1800000,3.19999999999996,3,6,8,8,6,6,8,6,3,3,2,2,7,8,7,4
1800000,3.30000000000001,3,4,8,8,6,8,8,6,3,3,4,2,7,8,7,8
1800000,3.39999999999997,3,4,8,8,6,8,8,6,3,3,6,6,7,2,7,8
1800000,3.50000000000003,3,4,8,6,6,8,8,6,3,3,8,8,7,8,7,1
1800000,3.59999999999997,3,4,8,6,6,6,8,6,3,3,5,2,7,8,7,2
1800000,3.69999999999999,3,4,8,6,6,6,8,6,3,3,6,5,7,8,7,7
1800000,3.8,3,4,8,6,6,6,8,4,3,3,3,3,7,8,7,7
1800000,3.89999999999996,7,4,8,6,6,6,8,4,3,3,6,6,7,8,7,7
1800000,4.00000000000001,7,4,8,6,6,6,8,4,3,3,3,2,7,7,7,7
1800000,4.10000000000002,7,4,8,6,6,6,8,4,3,3,7,7,7,7,7,7
1800000,4.20000000000003,7,4,8,6,6,6,8,4,3,3,3,5,7,8,7,7
1800000,4.3,1,4,8,6,6,6,8,4,3,3,7,7,7,2,7,7
1800000,4.39999999999999,3,3,8,6,6,6,8,4,3,3,3,6,7,7,7,7
1800000,4.49999999999999,3,3,8,6,6,6,8,4,3,3,5,5,7,7,7,7
1800000,4.6,3,3,8,6,6,6,8,4,3,3,5,2,7,2,7,7
1800000,4.69999999999996,3,5,8,6,6,6,8,4,3,3,3,5,7,7,7,7
1800000,4.79999999999998,3,7,8,6,6,6,8,4,3,3,5,3,7,7,7,8
1800000,4.9,3,1,8,6,6,6,8,4,3,3,1,7,7,7,7,7
1800000,5,3,2,8,6,6,6,8,6,3,3,5,7,7,8,7,7
1800000,5.1,3,2,8,6,6,6,8,4,3,3,5,7,7,8,7,7
1800000,5.2,3,2,8,6,6,6,8,4,3,3,3,7,7,2,7,7
1800000,5.3,3,2,8,6,6,6,8,4,3,3,3,4,7,7,7,7
1800000,5.39999999999996,3,2,8,6,6,6,8,8,3,3,1,1,7,5,7,5
1800000,5.50000000000004,3,2,8,8,6,6,8,8,3,3,3,5,7,7,7,5
1800000,5.60000000000003,2,2,8,6,6,6,8,4,3,3,5,7,7,7,7,7
1800000,5.69999999999998,2,2,8,6,6,6,8,4,3,5,5,2,7,7,7,3
1800000,5.80000000000001,2,2,8,8,6,6,8,4,3,3,5,5,7,5,7,5
1800000,5.89999999999996,2,2,8,8,6,6,8,4,3,3,5,5,7,5,7,5
1800000,6.00000000000001,2,2,8,8,4,6,8,8,3,3,5,1,7,5,7,5
1800000,6.09999999999999,2,2,8,8,6,6,8,8,3,3,3,7,7,7,7,7
1800000,6.19999999999997,2,2,8,8,6,6,8,4,3,3,1,7,7,7,7,7
1800000,6.3,2,2,8,8,6,6,8,4,3,3,3,7,7,7,7,7
1800000,6.39999999999998,2,2,8,8,6,6,8,4,3,3,5,7,7,7,7,7
1800000,6.49999999999994,2,2,8,6,6,6,8,8,3,3,5,7,7,7,7,7
1800000,6.59999999999997,2,2,8,8,6,6,8,4,3,3,5,7,7,7,7,5
1800000,6.69999999999997,2,2,8,8,6,6,8,4,3,3,5,7,7,7,7,7
1800000,6.79999999999998,2,2,8,8,6,6,8,8,3,3,5,7,7,7,7,7
1800000,6.89999999999997,2,2,8,8,6,6,8,8,3,3,5,7,7,7,7,7
1800000,7.00000000000001,2,2,8,8,6,6,8,8,3,3,5,7,7,7,7,7
1800000,7.09999999999996,2,2,8,8,6,6,8,2,3,3,5,7,7,7,7,7
1800000,7.20000000000001,2,2,8,8,6,6,8,2,3,3,5,7,7,7,7,7
1800000,7.29999999999994,2,2,8,8,6,6,8,8,3,3,5,7,7,7,7,7
1800000,7.39999999999996,2,2,8,8,6,6,8,2,3,3,5,2,7,6,7,8
1800000,7.49999999999997,2,2,8,8,6,6,8,8,3,3,5,5,7,5,7,5
1800000,7.60000000000003,2,2,8,8,6,6,8,8,3,3,1,7,7,7,7,7
1800000,7.70000000000007,2,2,8,8,4,6,8,8,3,3,5,7,7,7,7,7
1800000,7.80000000000003,2,2,8,8,6,6,8,2,3,3,5,7,7,7,7,7
1800000,7.90000000000004,2,2,8,8,6,6,8,2,3,3,5,5,7,7,7,7
1800000,8.00000000000007,2,2,8,6,6,6,8,8,3,3,5,7,7,7,7,7
1800000,8.10000000000006,2,2,8,8,6,6,8,8,3,3,5,1,7,1,7,5
1800000,8.20000000000006,2,4,8,8,6,6,6,4,3,5,5,2,7,6,7,8
1800000,8.29999999999994,2,2,8,8,6,6,6,8,3,3,5,2,7,2,7,8
1800000,8.39999999999999,2,4,8,8,6,8,6,8,3,3,5,5,7,7,7,7
1800000,8.50000000000001,4,4,8,8,6,8,6,2,3,3,5,5,7,7,7,7
1800000,8.60000000000003,4,6,8,8,6,8,6,6,3,3,5,5,7,7,7,7
1800000,8.69999999999991,6,6,8,8,6,8,6,6,3,3,5,5,7,7,7,7
1800000,8.80000000000001,6,8,8,8,8,8,6,6,3,3,5,5,7,7,7,7
1800000,8.89999999999999,8,8,8,8,8,8,4,4,3,3,5,5,7,7,7,7
1800000,9,3,3,5,5,2,2,7,7,3,3,5,5,7,7,7,7
1800000,9.10000000000001,1,1,2,2,4,4,8,8,3,3,5,5,7,7,7,7
1800000,9.19999999999997,7,7,6,6,4,4,8,8,3,3,5,5,7,7,7,7
1800000,9.30000000000001,3,3,8,8,6,6,8,8,3,3,5,5,7,7,7,7
1800000,9.39999999999998,2,2,8,8,4,4,8,8,3,3,5,5,7,7,7,7
1800000,9.49999999999999,2,2,8,6,4,8,8,8,3,3,5,5,7,7,7,7
1800000,9.59999999999997,2,2,8,2,6,4,8,8,3,3,5,5,7,7,7,7
1800000,9.70000000000001,2,2,8,2,6,4,8,8,3,3,5,5,7,7,7,7
1800000,9.8,2,2,8,2,6,4,8,8,3,3,5,5,7,7,7,7
1800000,9.90000000000002,2,2,8,2,4,4,8,4,3,3,5,7,7,7,7,7
1800000,9.99999999999999,2,2,8,4,4,4,8,2,3,5,5,6,7,8,7,2
1800000,10.1,2,2,8,8,6,2,4,2,3,5,5,6,7,8,7,2
1800000,10.2,2,2,8,8,6,2,4,2,3,5,5,5,7,5,7,2
1800000,10.3,2,2,8,8,6,6,2,2,3,5,5,7,7,7,7,2
1800000,10.4,2,2,8,8,6,6,2,2,3,5,5,7,7,7,7,2
1800000,10.5,2,2,8,8,6,6,2,3,3,5,5,7,7,7,7,2
1800000,10.6,2,2,8,8,6,6,2,3,3,5,5,7,7,7,7,2
1800000,10.7,2,2,8,8,6,6,2,3,5,5,5,7,7,7,7,2
1800000,10.8,2,2,8,8,6,6,2,3,5,5,5,7,7,7,7,2
1800000,10.9,2,2,8,8,6,6,2,3,5,5,5,7,7,7,7,2
1800000,11,2,2,8,8,6,6,2,3,5,5,5,7,7,7,7,2
1800000,11.1,2,2,8,8,6,6,2,3,5,5,5,2,7,8,7,2
1800000,11.1999999999999,2,2,8,8,6,6,2,3,5,5,5,2,7,8,7,2
1800000,11.3,2,2,8,8,6,6,2,3,5,3,5,6,7,8,7,2
1800000,11.4,2,2,8,8,6,6,2,3,5,5,5,5,7,5,7,2
1800000,11.5,2,2,8,8,6,6,2,3,5,5,5,7,7,7,7,2
1800000,11.6,2,2,8,8,6,6,2,3,5,5,5,7,7,7,7,2
1800000,11.7,2,2,8,8,6,6,2,3,5,5,5,7,7,5,7,2
1800000,11.8,2,2,8,8,6,6,2,3,5,5,5,7,7,7,7,2
1800000,11.9,2,2,8,8,6,6,2,3,5,5,5,7,7,7,7,2
1800000,12,2,2,8,8,6,6,2,3,5,5,5,7,7,7,7,2
1800000,12.1,2,2,8,8,6,6,2,3,5,5,5,7,7,7,7,2
1800000,12.2,2,2,8,8,6,6,2,3,5,5,5,7,7,7,7,2
1800000,12.3,2,2,8,8,6,6,2,3,5,5,5,7,7,7,7,2
1800000,12.4,2,2,8,8,6,6,2,3,5,5,5,7,7,7,7,2
1800000,12.5,2,2,8,8,6,6,2,3,5,5,5,7,7,7,7,2
1800000,12.6,2,2,8,8,6,6,2,3,5,5,5,7,7,7,7,2
1800000,12.7,2,2,8,8,6,6,2,3,5,5,5,7,7,7,7,2
1800000,12.8,2,2,8,8,6,6,2,3,5,5,5,7,7,7,7,2
1800000,12.9,2,2,8,8,6,6,2,3,5,5,5,7,7,7,7,2
1800000,13,2,2,8,8,6,6,2,3,5,5,5,7,7,7,7,2
1800000,13.1,2,2,8,8,6,4,2,3,5,5,5,7,7,7,7,2
1800000,13.2,2,2,8,8,6,4,2,3,5,5,5,7,7,7,7,2
1800000,13.3,2,2,8,8,6,4,2,3,5,5,5,7,7,7,7,2
1800000,13.4,2,2,8,8,6,4,2,3,5,5,5,7,7,7,7,2
1800000,13.5,2,2,8,8,6,4,2,3,5,5,5,1,7,1,7,2
1800000,13.6,2,2,8,8,6,4,2,3,5,5,5,5,7,5,7,2
1800000,13.7,2,2,8,8,6,4,2,3,5,7,5,5,7,5,7,2
1800000,13.8,2,2,8,8,6,7,2,7,5,1,5,5,7,5,7,2
1800000,13.9,2,2,8,8,6,1,2,1,5,1,5,3,7,3,7,2
1800000,14,2,4,8,8,6,1,2,1,5,5,5,2,7,2,7,2
1800000,14.1,2,4,8,8,6,1,2,1,5,7,5,7,7,7,7,2
1800000,14.2,2,4,8,8,6,5,2,5,5,5,5,7,7,7,7,2
1800000,14.3,2,4,8,8,6,3,2,5,5,3,5,7,7,7,7,2
1800000,14.4,2,4,8,8,6,3,2,3,5,3,5,7,7,7,7,2
1800000,14.5,2,4,8,8,6,3,2,3,5,5,5,7,7,7,7,2
1800000,14.6,2,4,8,8,6,3,2,3,5,5,5,7,7,7,7,2
1800000,14.7,2,4,8,8,6,3,2,3,5,5,5,7,7,7,7,2
1800000,14.8,2,4,8,8,6,3,2,3,5,5,5,7,7,5,7,2
1800000,14.9,2,4,8,8,6,3,2,3,5,5,5,7,7,5,7,2
1800000,15,2,4,8,8,6,3,2,3,5,5,5,7,7,2,7,2
1800000,15.1,2,4,8,8,6,3,2,3,5,5,5,7,7,2,7,2
1800000,15.2,2,4,8,8,6,3,2,3,5,5,5,7,7,5,7,2
1800000,15.3,2,4,8,8,6,3,2,3,5,5,5,7,7,5,7,2
1800000,15.3999999999999,2,4,8,8,6,3,2,3,5,5,5,7,7,7,7,2
1800000,15.5,2,4,8,8,6,3,2,3,5,5,5,7,7,7,7,2
1800000,15.6,2,4,8,8,6,3,2,3,5,5,5,7,7,7,7,2
1800000,15.7,2,4,8,8,6,3,2,3,5,5,5,7,7,2,7,2
1800000,15.8,2,4,8,8,6,3,2,3,5,5,5,7,7,2,7,2
1800000,15.9,2,4,8,8,6,3,2,3,5,5,5,7,7,2,7,2
1800000,16,2,4,8,8,6,3,2,3,5,5,5,7,7,2,7,2
1800000,16.1,2,4,8,8,6,3,2,3,5,5,5,7,7,2,7,2
1800000,16.2,2,4,8,8,6,3,2,3,5,5,5,7,7,2,7,2
1800000,16.3,2,4,8,8,6,3,2,3,5,5,5,7,7,2,7,2
1800000,16.4,2,4,8,8,6,3,2,3,5,5,5,7,7,2,7,2
1800000,16.5,2,4,8,8,6,3,2,3,5,5,5,7,7,2,7,2
1800000,16.6,2,4,8,8,6,3,2,3,5,5,5,7,7,2,7,2
1800000,16.7,2,4,8,8,6,3,2,3,5,5,5,7,7,2,7,2
1800000,16.8,2,4,8,8,6,3,2,3,5,5,5,7,7,2,7,2
1800000,16.9,2,4,8,8,6,3,2,3,5,5,5,7,7,5,7,2
1800000,17,2,4,8,8,6,3,2,3,5,5,5,7,7,5,7,2
1800000,17.1,2,4,8,8,6,3,2,3,5,5,5,7,7,5,7,2
1800000,17.2,2,4,8,8,6,3,2,3,5,5,5,7,7,5,7,2
1800000,17.3,4,4,8,8,6,3,2,3,5,5,5,7,7,3,7,2
1800000,17.4,4,4,8,8,6,3,2,3,5,5,5,7,7,3,7,2
1800000,17.5,4,4,8,8,6,3,2,3,5,5,5,7,7,5,7,2
1800000,17.6,4,4,8,8,6,3,2,3,5,5,5,7,7,2,7,2
1800000,17.7,4,4,8,8,6,3,2,3,5,5,5,7,7,2,7,2
1800000,17.8,4,4,8,8,6,3,2,3,5,5,5,7,7,2,7,2
1800000,17.9,4,4,8,8,6,3,2,3,5,5,5,7,7,2,7,2
1800000,18,4,4,8,8,6,3,2,3,5,5,5,7,7,2,7,2
1800000,18.1,4,4,8,8,6,3,2,3,5,5,5,7,7,5,7,2
1800000,18.2,4,4,8,8,6,3,2,3,5,5,5,7,7,5,7,2
1800000,18.3,4,4,8,8,6,3,2,3,5,5,5,7,7,5,7,2
1800000,18.4,4,4,8,8,6,3,2,3,5,5,5,7,7,5,7,2
1800000,18.5,4,4,8,8,6,3,2,3,5,5,5,7,7,2,7,2
1800000,18.6,4,4,8,8,6,3,2,3,5,5,5,7,7,2,7,2
1800000,18.7,4,4,8,8,6,3,2,3,5,5,5,7,7,2,7,2
1800000,18.8,4,4,8,8,6,3,2,3,5,5,5,7,7,2,7,2
1800000,18.9,4,4,8,8,6,3,2,3,5,5,5,7,7,2,7,2
1800000,19,4,4,8,8,6,3,2,3,5,5,5,7,7,2,7,2
1800000,19.1,4,4,8,8,6,3,2,3,5,5,5,7,7,2,7,2
1800000,19.2,4,4,8,8,6,3,2,3,5,5,5,7,7,2,7,2
1800000,19.3,4,4,8,8,6,3,2,3,5,5,5,5,7,2,7,2
1800000,19.4,4,4,8,8,6,3,2,3,5,5,5,5,7,2,7,2
1800000,19.5,4,4,8,8,6,3,2,3,5,5,5,5,7,2,7,2
1800000,19.6,4,4,8,8,6,3,2,3,5,5,5,5,7,2,7,2
1800000,19.7,4,4,8,8,6,3,2,3,5,1,5,5,7,2,7,2
1800000,19.8,4,4,8,8,6,3,2,7,5,5,5,5,7,2,7,2
1800000,19.9,4,4,8,8,6,7,2,7,5,5,7,2,7,2,7,2
1800000,20,4,4,8,8,6,7,2,7,5,5,7,2,7,2,7,2
1800000,20.0999999999999,4,4,8,8,6,1,2,1,5,5,7,5,7,2,7,2
1800000,20.2,4,4,8,8,6,1,2,1,5,5,7,5,7,2,7,2
1800000,20.3,4,4,8,8,6,1,2,1,5,5,5,5,7,5,7,2
1800000,20.4,4,4,8,8,6,1,2,1,5,7,5,5,7,5,7,2
1800000,20.5,4,4,8,8,6,1,2,1,5,7,5,5,7,5,7,2
1800000,20.6,4,4,8,8,6,1,2,1,5,7,5,3,7,2,7,2
1800000,20.7,4,4,8,8,6,1,2,1,5,7,5,3,7,2,7,2
1800000,20.7999999999999,4,4,8,8,6,1,2,1,5,7,5,3,7,2,7,2
1800000,20.9,4,4,8,8,6,1,2,1,5,7,5,2,7,2,7,2
1800000,21,4,4,8,8,6,1,2,1,5,7,7,2,7,2,7,2
1800000,21.1,4,4,8,8,6,1,2,1,5,7,7,2,7,2,7,2
1800000,21.2,4,4,8,5,6,5,2,5,5,5,7,2,7,2,7,2
1800000,21.3,4,4,8,5,6,5,2,5,5,7,7,2,7,2,7,2
1800000,21.3999999999999,4,4,8,5,6,5,2,5,5,7,7,2,7,2,7,2
1800000,21.5,4,4,8,5,6,5,2,5,5,7,7,2,7,2,7,2
1800000,21.6000000000001,4,4,8,3,6,3,2,3,5,7,7,2,7,2,7,2
1800000,21.7,4,4,8,3,6,3,2,3,5,7,5,2,7,2,7,2
1800000,21.8,4,4,8,3,6,3,2,3,5,7,7,2,7,2,7,2
1800000,21.9,4,4,8,3,6,3,2,3,5,7,7,2,7,2,7,2
1800000,22,4,4,8,3,6,3,2,3,5,7,5,2,7,2,7,2
1800000,22.1000000000001,4,4,8,3,6,3,2,3,5,7,7,2,7,2,7,2
1800000,22.1999999999999,4,4,8,3,6,3,2,3,5,7,5,2,7,2,7,2
1800000,22.3,4,4,8,3,6,3,2,3,5,7,5,2,7,2,7,2
1800000,22.4,4,4,8,3,6,3,2,3,5,7,5,2,7,2,7,2
1800000,22.5,4,4,8,3,6,3,2,3,5,7,5,2,7,2,7,2
1800000,22.6,4,4,8,3,6,3,2,3,5,7,7,2,7,2,7,2
1800000,22.7,4,4,8,3,6,3,2,3,5,7,7,2,7,2,7,2
1800000,22.8,4,4,8,3,6,3,2,3,5,7,5,2,7,2,7,2
1800000,22.9,4,4,8,3,6,3,2,3,5,7,7,2,7,2,7,2
1800000,23,4,4,8,3,6,3,2,3,5,7,7,2,7,2,7,2
1800000,23.1,4,4,8,3,6,3,2,3,5,7,7,2,7,2,7,2
1800000,23.1999999999999,4,4,8,3,6,3,2,3,5,7,5,2,7,2,7,2
1800000,23.3,4,4,8,3,6,3,2,3,5,7,5,2,7,2,7,2
1800000,23.4,4,4,8,3,6,3,2,3,5,7,7,2,7,2,7,2
1800000,23.5000000000001,4,4,8,3,6,3,2,3,5,7,7,2,7,2,7,2
1800000,23.6,4,4,8,3,6,3,2,3,5,7,7,2,7,2,7,2
1800000,23.7,4,4,8,3,6,3,2,3,5,7,7,2,7,2,7,2
1800000,23.7999999999999,4,4,8,3,6,3,2,3,5,7,7,2,7,2,7,2
1800000,23.9,4,4,8,3,6,3,2,3,5,7,5,2,7,2,7,2
1800000,24,4,4,8,3,6,3,2,3,5,7,7,2,7,2,7,2
1800000,24.1,4,4,8,3,6,3,2,3,5,7,5,2,7,2,7,2
1800000,24.2,4,4,8,3,6,3,2,3,5,7,7,2,7,2,7,2
1800000,24.3,4,4,8,3,6,3,2,3,5,7,7,2,7,2,7,2
1800000,24.4,4,4,8,3,6,3,2,3,5,7,7,2,7,2,7,2
1800000,24.5,4,4,8,3,6,3,2,3,5,7,7,2,7,2,7,2
1800000,24.6,4,4,8,3,6,3,2,3,5,7,7,2,7,2,7,2
1800000,24.7,4,4,8,3,6,3,2,3,5,7,7,2,7,2,7,2
1800000,24.8,4,4,8,3,6,3,2,3,5,7,7,2,7,2,7,2
1800000,24.9000000000001,4,4,8,3,6,3,2,3,5,7,7,2,7,2,7,2
1800000,25,4,4,8,3,6,3,2,3,5,7,7,2,7,2,7,2
1800000,25.1,4,4,8,3,6,3,2,3,5,7,7,2,7,2,7,2
1800000,25.1999999999999,4,4,8,3,6,3,2,3,5,7,7,2,7,2,7,2
1800000,25.3,4,4,8,3,6,3,2,3,5,7,7,2,7,4,7,2
1800000,25.4,4,4,8,3,6,3,2,3,5,7,7,2,7,4,7,2
1800000,25.4999999999999,4,4,8,3,6,3,2,3,5,7,7,2,7,4,7,2
1800000,25.6,4,4,8,3,6,3,2,3,5,7,7,2,7,4,7,2
1800000,25.7,4,4,8,3,6,3,2,3,5,7,7,2,7,4,7,2
1800000,25.8,4,4,8,3,6,3,2,3,5,7,7,2,7,4,7,2
1800000,25.8999999999999,4,4,8,3,6,3,2,3,5,7,7,2,7,2,7,2
1800000,26,4,4,8,3,6,3,2,3,5,7,7,2,7,2,7,2
